id_richiesta;numero_richiesta;codice_cliente;codice_servizi_fornitore;codice_operatore;stato_richiesta;data_inserimento;data_conferma_richiesta;data_appuntamento;orario_appuntamento;pagamento_eseguito
1;REQ-2024-00001;CLI000052;SFR000110;OPE000085;servizio_completato;02/01/2024 01:12;02/01/2024 04:16;05/01/2024;12:00;1
2;REQ-2024-00002;CLI000235;SFR000085;OPE000071;servizio_completato;02/01/2024 01:28;02/01/2024 03:41;05/01/2024;13:00;1
3;REQ-2024-00003;CLI000099;SFR000013;OPE000008;servizio_completato;02/01/2024 23:45;03/01/2024 03:49;06/01/2024;14:30;1
4;REQ-2024-00004;CLI000187;SFR000068;OPE000058;servizio_completato;06/01/2024 00:59;06/01/2024 02:23;11/01/2024;16:00;1
5;REQ-2024-00005;CLI000187;SFR000006;OPE000005;servizio_completato;06/01/2024 09:29;06/01/2024 14:37;13/01/2024;16:30;1
6;REQ-2024-00006;CLI000187;SFR000055;OPE000044;servizio_completato;07/01/2024 21:54;07/01/2024 22:56;17/01/2024;09:00;1
7;REQ-2024-00007;CLI000102;SFR000047;OPE000039;servizio_completato;10/01/2024 11:38;10/01/2024 12:43;13/01/2024;08:00;1
8;REQ-2024-00008;CLI000187;SFR000041;OPE000034;servizio_completato;11/01/2024 02:17;11/01/2024 05:09;14/01/2024;11:30;1
9;REQ-2024-00009;CLI000102;SFR000053;OPE000043;servizio_completato;12/01/2024 22:35;13/01/2024 00:15;18/01/2024;12:30;1
10;REQ-2024-00010;CLI000187;SFR000056;OPE000044;servizio_completato;15/01/2024 04:49;15/01/2024 08:30;16/01/2024;17:30;1
11;REQ-2024-00011;CLI000187;SFR000077;OPE000065;servizio_completato;15/01/2024 09:30;15/01/2024 10:54;21/01/2024;12:30;1
12;REQ-2024-00012;CLI000102;SFR000120;OPE000094;servizio_completato;15/01/2024 14:21;15/01/2024 19:30;18/01/2024;09:30;1
13;REQ-2024-00013;CLI000077;SFR000068;OPE000056;servizio_completato;18/01/2024 16:51;18/01/2024 17:55;24/01/2024;12:00;1
14;REQ-2024-00014;CLI000065;SFR000105;OPE000081;servizio_completato;22/01/2024 05:49;22/01/2024 07:17;30/01/2024;09:00;1
15;REQ-2024-00015;CLI000077;SFR000068;OPE000056;servizio_completato;22/01/2024 10:15;22/01/2024 11:15;29/01/2024;16:30;1
16;REQ-2024-00016;CLI000077;SFR000092;OPE000074;servizio_completato;24/01/2024 02:01;24/01/2024 05:16;25/01/2024;10:30;1
17;REQ-2024-00017;CLI000065;SFR000092;OPE000073;servizio_completato;26/01/2024 05:33;26/01/2024 08:06;28/01/2024;17:30;1
18;REQ-2024-00018;CLI000032;SFR000118;OPE000093;servizio_completato;30/01/2024 02:44;30/01/2024 08:08;06/02/2024;17:30;1
19;REQ-2024-00019;CLI000065;SFR000066;OPE000053;servizio_completato;30/01/2024 12:30;30/01/2024 17:40;09/02/2024;16:30;1
20;REQ-2024-00020;CLI000187;SFR000013;OPE000008;servizio_completato;03/02/2024 04:15;03/02/2024 06:49;06/02/2024;17:00;1
21;REQ-2024-00021;CLI000077;SFR000024;OPE000016;servizio_completato;10/02/2024 04:18;10/02/2024 09:42;20/02/2024;08:30;1
22;REQ-2024-00022;CLI000004;SFR000069;OPE000056;servizio_completato;10/02/2024 18:48;10/02/2024 21:37;15/02/2024;13:30;1
23;REQ-2024-00023;CLI000077;SFR000078;OPE000065;servizio_completato;11/02/2024 16:05;11/02/2024 21:45;20/02/2024;11:30;1
24;REQ-2024-00024;CLI000210;SFR000022;OPE000015;servizio_completato;12/02/2024 02:26;12/02/2024 04:05;20/02/2024;10:00;1
25;REQ-2024-00025;CLI000094;SFR000030;OPE000021;servizio_completato;12/02/2024 21:01;13/02/2024 02:28;18/02/2024;08:00;1
26;REQ-2024-00026;CLI000032;SFR000082;OPE000068;servizio_completato;13/02/2024 18:54;13/02/2024 22:15;16/02/2024;10:00;1
27;REQ-2024-00027;CLI000094;SFR000057;OPE000043;servizio_completato;17/02/2024 22:34;18/02/2024 01:24;22/02/2024;16:30;1
28;REQ-2024-00028;CLI000187;SFR000108;OPE000084;servizio_completato;20/02/2024 01:08;20/02/2024 03:41;24/02/2024;09:00;1
29;REQ-2024-00029;CLI000225;SFR000094;OPE000075;servizio_completato;21/02/2024 19:55;21/02/2024 21:11;26/02/2024;13:30;1
30;REQ-2024-00030;CLI000187;SFR000115;OPE000088;servizio_completato;22/02/2024 03:48;22/02/2024 06:23;23/02/2024;14:30;1
31;REQ-2024-00031;CLI000004;SFR000024;OPE000014;servizio_completato;28/02/2024 23:23;29/02/2024 05:01;04/03/2024;08:30;1
32;REQ-2024-00032;CLI000234;SFR000045;OPE000039;servizio_completato;03/03/2024 11:56;03/03/2024 14:48;06/03/2024;17:30;1
33;REQ-2024-00033;CLI000065;SFR000008;OPE000004;servizio_completato;04/03/2024 23:50;05/03/2024 05:48;15/03/2024;12:00;1
34;REQ-2024-00034;CLI000065;SFR000074;OPE000061;servizio_completato;06/03/2024 08:21;06/03/2024 12:37;11/03/2024;15:00;1
35;REQ-2024-00035;CLI000234;SFR000118;OPE000092;servizio_completato;08/03/2024 11:56;08/03/2024 15:39;10/03/2024;16:30;1
36;REQ-2024-00036;CLI000032;SFR000052;OPE000041;servizio_completato;09/03/2024 01:12;09/03/2024 04:20;18/03/2024;14:30;1
37;REQ-2024-00037;CLI000119;SFR000004;OPE000001;servizio_completato;09/03/2024 09:51;09/03/2024 14:22;15/03/2024;14:00;1
38;REQ-2024-00038;CLI000187;SFR000026;OPE000017;servizio_completato;12/03/2024 08:52;12/03/2024 10:25;15/03/2024;15:30;1
39;REQ-2024-00039;CLI000074;SFR000021;OPE000015;servizio_completato;18/03/2024 07:16;18/03/2024 11:23;26/03/2024;17:30;1
40;REQ-2024-00040;CLI000225;SFR000033;OPE000027;servizio_completato;22/03/2024 09:34;22/03/2024 14:33;24/03/2024;09:30;1
41;REQ-2024-00041;CLI000032;SFR000039;OPE000029;servizio_completato;24/03/2024 23:34;25/03/2024 02:59;01/04/2024;17:30;1
42;REQ-2024-00042;CLI000199;SFR000075;OPE000060;servizio_completato;25/03/2024 16:52;25/03/2024 22:48;02/04/2024;09:00;1
43;REQ-2024-00043;CLI000234;SFR000059;OPE000046;servizio_completato;27/03/2024 21:31;28/03/2024 00:42;04/04/2024;12:00;1
44;REQ-2024-00044;CLI000199;SFR000003;OPE000001;servizio_completato;28/03/2024 04:06;28/03/2024 05:18;05/04/2024;14:30;1
45;REQ-2024-00045;CLI000094;SFR000076;OPE000064;servizio_completato;28/03/2024 04:16;28/03/2024 08:26;31/03/2024;11:30;1
46;REQ-2024-00046;CLI000130;SFR000091;OPE000072;servizio_completato;28/03/2024 06:14;28/03/2024 09:22;05/04/2024;15:00;1
47;REQ-2024-00047;CLI000210;SFR000095;OPE000076;servizio_completato;29/03/2024 09:00;29/03/2024 10:09;31/03/2024;17:30;1
48;REQ-2024-00048;CLI000168;SFR000119;OPE000093;servizio_completato;30/03/2024 16:34;30/03/2024 17:15;06/04/2024;12:00;1
49;REQ-2024-00049;CLI000095;SFR000002;OPE000002;servizio_completato;31/03/2024 02:54;31/03/2024 05:11;03/04/2024;17:00;1
50;REQ-2024-00050;CLI000074;SFR000043;OPE000032;servizio_completato;01/04/2024 02:05;01/04/2024 05:54;06/04/2024;15:30;1
51;REQ-2024-00051;CLI000010;SFR000059;OPE000046;servizio_completato;01/04/2024 10:58;01/04/2024 14:17;03/04/2024;16:00;1
52;REQ-2024-00052;CLI000130;SFR000023;OPE000016;servizio_completato;01/04/2024 21:44;02/04/2024 00:12;11/04/2024;08:00;1
53;REQ-2024-00053;CLI000061;SFR000002;OPE000001;servizio_completato;04/04/2024 01:28;04/04/2024 03:00;12/04/2024;09:00;1
54;REQ-2024-00054;CLI000199;SFR000002;OPE000003;servizio_completato;04/04/2024 17:38;04/04/2024 21:42;13/04/2024;15:00;1
55;REQ-2024-00055;CLI000197;SFR000002;OPE000002;servizio_completato;06/04/2024 17:26;06/04/2024 22:55;07/04/2024;17:30;1
56;REQ-2024-00056;CLI000077;SFR000002;OPE000003;servizio_completato;06/04/2024 18:00;06/04/2024 21:16;14/04/2024;16:30;1
57;REQ-2024-00057;CLI000118;SFR000002;OPE000003;servizio_completato;12/04/2024 00:48;12/04/2024 06:42;22/04/2024;16:30;1
58;REQ-2024-00058;CLI000010;SFR000002;OPE000003;servizio_completato;14/04/2024 08:26;14/04/2024 09:54;15/04/2024;13:00;1
59;REQ-2024-00059;CLI000173;SFR000002;OPE000001;servizio_completato;15/04/2024 13:45;15/04/2024 19:06;19/04/2024;17:00;1
60;REQ-2024-00060;CLI000077;SFR000002;OPE000001;servizio_completato;16/04/2024 13:58;16/04/2024 17:16;19/04/2024;17:00;1
61;REQ-2024-00061;CLI000010;SFR000002;OPE000002;servizio_completato;17/04/2024 05:13;17/04/2024 09:12;20/04/2024;10:30;1
62;REQ-2024-00062;CLI000210;SFR000002;OPE000001;servizio_completato;17/04/2024 10:25;17/04/2024 16:19;22/04/2024;11:30;1
63;REQ-2024-00063;CLI000173;SFR000002;OPE000002;servizio_completato;18/04/2024 10:42;18/04/2024 15:31;23/04/2024;08:30;1
64;REQ-2024-00064;CLI000143;SFR000002;OPE000002;servizio_completato;20/04/2024 07:31;20/04/2024 09:08;27/04/2024;17:30;1
65;REQ-2024-00065;CLI000172;SFR000002;OPE000003;servizio_completato;22/04/2024 16:10;22/04/2024 17:31;28/04/2024;12:30;1
66;REQ-2024-00066;CLI000197;SFR000002;OPE000003;servizio_completato;22/04/2024 16:36;22/04/2024 21:54;24/04/2024;09:00;1
67;REQ-2024-00067;CLI000074;SFR000002;OPE000002;servizio_completato;23/04/2024 01:35;23/04/2024 03:51;29/04/2024;12:00;1
68;REQ-2024-00068;CLI000197;SFR000002;OPE000003;servizio_completato;25/04/2024 05:04;25/04/2024 09:58;01/05/2024;10:00;1
69;REQ-2024-00069;CLI000003;SFR000002;OPE000002;servizio_completato;25/04/2024 11:14;25/04/2024 12:54;29/04/2024;09:00;1
70;REQ-2024-00070;CLI000234;SFR000002;OPE000003;servizio_completato;25/04/2024 11:53;25/04/2024 12:39;28/04/2024;13:00;1
71;REQ-2024-00071;CLI000095;SFR000002;OPE000002;servizio_completato;26/04/2024 05:47;26/04/2024 11:36;03/05/2024;09:30;1
72;REQ-2024-00072;CLI000027;SFR000002;OPE000001;servizio_completato;26/04/2024 11:43;26/04/2024 17:43;04/05/2024;10:00;1
73;REQ-2024-00073;CLI000210;SFR000002;OPE000002;servizio_completato;27/04/2024 01:22;27/04/2024 06:40;07/05/2024;15:30;1
74;REQ-2024-00074;CLI000225;SFR000002;OPE000003;servizio_completato;28/04/2024 15:37;28/04/2024 17:46;04/05/2024;13:00;1
75;REQ-2024-00075;CLI000187;SFR000002;OPE000003;servizio_completato;29/04/2024 17:22;29/04/2024 20:56;30/04/2024;15:00;1
76;REQ-2024-00076;CLI000077;SFR000002;OPE000003;servizio_completato;01/05/2024 01:45;01/05/2024 06:02;02/05/2024;08:30;1
77;REQ-2024-00077;CLI000020;SFR000002;OPE000001;servizio_completato;01/05/2024 19:59;02/05/2024 00:12;06/05/2024;09:30;1
78;REQ-2024-00078;CLI000154;SFR000002;OPE000002;servizio_completato;02/05/2024 18:03;02/05/2024 23:22;06/05/2024;11:30;1
79;REQ-2024-00079;CLI000032;SFR000002;OPE000002;servizio_completato;05/05/2024 05:36;05/05/2024 09:20;12/05/2024;16:30;1
80;REQ-2024-00080;CLI000234;SFR000002;OPE000003;servizio_completato;07/05/2024 08:33;07/05/2024 11:44;12/05/2024;11:30;1
81;REQ-2024-00081;CLI000010;SFR000002;OPE000001;servizio_completato;11/05/2024 00:01;11/05/2024 04:15;19/05/2024;16:00;1
82;REQ-2024-00082;CLI000232;SFR000002;OPE000002;servizio_completato;11/05/2024 14:33;11/05/2024 20:32;17/05/2024;10:00;1
83;REQ-2024-00083;CLI000199;SFR000002;OPE000003;servizio_completato;11/05/2024 17:24;11/05/2024 23:18;21/05/2024;13:00;1
84;REQ-2024-00084;CLI000199;SFR000002;OPE000001;servizio_completato;11/05/2024 21:23;12/05/2024 03:19;19/05/2024;09:00;1
85;REQ-2024-00085;CLI000094;SFR000002;OPE000003;servizio_completato;12/05/2024 00:21;12/05/2024 03:52;15/05/2024;17:00;1
86;REQ-2024-00086;CLI000168;SFR000002;OPE000002;servizio_completato;12/05/2024 23:52;13/05/2024 05:06;17/05/2024;15:30;1
87;REQ-2024-00087;CLI000027;SFR000002;OPE000003;servizio_completato;13/05/2024 01:23;13/05/2024 02:57;16/05/2024;15:00;1
88;REQ-2024-00088;CLI000062;SFR000002;OPE000002;servizio_completato;13/05/2024 08:53;13/05/2024 12:02;19/05/2024;15:00;1
89;REQ-2024-00089;CLI000172;SFR000002;OPE000001;servizio_completato;14/05/2024 15:01;14/05/2024 19:28;24/05/2024;17:30;1
90;REQ-2024-00090;CLI000010;SFR000002;OPE000001;servizio_completato;15/05/2024 01:18;15/05/2024 02:35;19/05/2024;11:00;1
91;REQ-2024-00091;CLI000141;SFR000002;OPE000003;servizio_completato;16/05/2024 09:04;16/05/2024 10:07;25/05/2024;16:30;1
92;REQ-2024-00092;CLI000037;SFR000002;OPE000002;servizio_completato;18/05/2024 18:30;18/05/2024 22:08;23/05/2024;10:30;1
93;REQ-2024-00093;CLI000020;SFR000054;OPE000044;servizio_completato;21/05/2024 06:33;21/05/2024 08:10;30/05/2024;14:30;1
94;REQ-2024-00094;CLI000032;SFR000002;OPE000002;servizio_completato;21/05/2024 17:06;21/05/2024 18:25;27/05/2024;10:00;1
95;REQ-2024-00095;CLI000020;SFR000002;OPE000002;servizio_completato;23/05/2024 15:18;23/05/2024 19:01;02/06/2024;17:00;1
96;REQ-2024-00096;CLI000141;SFR000054;OPE000043;servizio_completato;24/05/2024 13:41;24/05/2024 16:40;31/05/2024;14:00;1
97;REQ-2024-00097;CLI000065;SFR000002;OPE000002;servizio_completato;24/05/2024 21:05;25/05/2024 01:43;02/06/2024;11:30;1
98;REQ-2024-00098;CLI000037;SFR000054;OPE000043;servizio_completato;27/05/2024 03:36;27/05/2024 05:08;28/05/2024;08:00;1
99;REQ-2024-00099;CLI000074;SFR000002;OPE000001;servizio_completato;28/05/2024 03:20;28/05/2024 08:40;05/06/2024;12:00;1
100;REQ-2024-00100;CLI000094;SFR000002;OPE000002;servizio_completato;30/05/2024 09:24;30/05/2024 15:09;06/06/2024;11:00;1
101;REQ-2024-00101;CLI000234;SFR000002;OPE000003;servizio_completato;03/06/2024 01:38;03/06/2024 06:50;07/06/2024;14:30;1
102;REQ-2024-00102;CLI000118;SFR000054;OPE000045;servizio_completato;04/06/2024 15:39;04/06/2024 20:10;06/06/2024;10:00;1
103;REQ-2024-00103;CLI000062;SFR000054;OPE000045;servizio_completato;05/06/2024 03:10;05/06/2024 06:13;06/06/2024;08:30;1
104;REQ-2024-00104;CLI000225;SFR000054;OPE000045;servizio_completato;07/06/2024 07:09;07/06/2024 08:40;17/06/2024;08:30;1
105;REQ-2024-00105;CLI000118;SFR000002;OPE000001;servizio_completato;07/06/2024 18:40;07/06/2024 22:13;13/06/2024;17:30;1
106;REQ-2024-00106;CLI000093;SFR000002;OPE000001;servizio_completato;08/06/2024 02:21;08/06/2024 06:41;13/06/2024;13:00;1
107;REQ-2024-00107;CLI000087;SFR000002;OPE000001;servizio_completato;08/06/2024 08:49;08/06/2024 10:41;13/06/2024;15:00;1
108;REQ-2024-00108;CLI000094;SFR000002;OPE000003;servizio_completato;08/06/2024 09:07;08/06/2024 12:08;13/06/2024;15:30;1
109;REQ-2024-00109;CLI000074;SFR000002;OPE000001;servizio_completato;09/06/2024 21:59;09/06/2024 23:23;18/06/2024;10:30;1
110;REQ-2024-00110;CLI000162;SFR000002;OPE000001;servizio_completato;10/06/2024 11:30;10/06/2024 15:34;18/06/2024;08:00;1
111;REQ-2024-00111;CLI000095;SFR000002;OPE000001;servizio_completato;11/06/2024 16:25;11/06/2024 20:07;14/06/2024;09:00;1
112;REQ-2024-00112;CLI000087;SFR000002;OPE000003;servizio_completato;13/06/2024 02:21;13/06/2024 05:47;20/06/2024;12:30;1
113;REQ-2024-00113;CLI000225;SFR000054;OPE000044;servizio_completato;16/06/2024 17:06;16/06/2024 18:13;18/06/2024;13:00;1
114;REQ-2024-00114;CLI000037;SFR000002;OPE000001;servizio_completato;18/06/2024 06:48;18/06/2024 11:08;26/06/2024;13:30;1
115;REQ-2024-00115;CLI000187;SFR000002;OPE000001;servizio_completato;19/06/2024 08:00;19/06/2024 12:06;29/06/2024;09:30;1
116;REQ-2024-00116;CLI000073;SFR000054;OPE000044;servizio_completato;21/06/2024 17:20;21/06/2024 18:52;22/06/2024;11:30;1
117;REQ-2024-00117;CLI000232;SFR000002;OPE000002;servizio_completato;21/06/2024 22:43;22/06/2024 01:18;26/06/2024;10:00;1
118;REQ-2024-00118;CLI000093;SFR000095;OPE000075;servizio_completato;22/06/2024 18:43;22/06/2024 19:42;26/06/2024;17:00;1
119;REQ-2024-00119;CLI000210;SFR000002;OPE000001;servizio_completato;22/06/2024 18:57;23/06/2024 00:06;24/06/2024;13:00;1
120;REQ-2024-00120;CLI000061;SFR000113;OPE000089;servizio_completato;23/06/2024 19:00;24/06/2024 00:20;04/07/2024;17:00;1
121;REQ-2024-00121;CLI000062;SFR000095;OPE000077;servizio_completato;23/06/2024 23:46;24/06/2024 04:10;29/06/2024;10:00;1
122;REQ-2024-00122;CLI000187;SFR000054;OPE000043;servizio_completato;27/06/2024 07:10;27/06/2024 09:56;30/06/2024;09:00;1
123;REQ-2024-00123;CLI000236;SFR000095;OPE000076;servizio_completato;28/06/2024 10:29;28/06/2024 15:00;06/07/2024;12:00;1
124;REQ-2024-00124;CLI000227;SFR000095;OPE000076;servizio_completato;01/07/2024 22:26;02/07/2024 02:44;06/07/2024;17:30;1
125;REQ-2024-00125;CLI000093;SFR000002;OPE000002;servizio_completato;02/07/2024 09:28;02/07/2024 12:17;11/07/2024;09:30;1
126;REQ-2024-00126;CLI000033;SFR000054;OPE000044;servizio_completato;03/07/2024 13:35;03/07/2024 17:16;09/07/2024;16:30;1
127;REQ-2024-00127;CLI000225;SFR000117;OPE000094;servizio_completato;04/07/2024 17:19;04/07/2024 19:23;08/07/2024;11:30;1
128;REQ-2024-00128;CLI000061;SFR000002;OPE000003;servizio_completato;05/07/2024 06:42;05/07/2024 09:47;15/07/2024;08:00;1
129;REQ-2024-00129;CLI000141;SFR000002;OPE000003;servizio_completato;05/07/2024 09:20;05/07/2024 13:30;08/07/2024;10:30;1
130;REQ-2024-00130;CLI000062;SFR000113;OPE000089;servizio_completato;05/07/2024 20:25;05/07/2024 22:43;09/07/2024;10:00;1
131;REQ-2024-00131;CLI000187;SFR000113;OPE000089;servizio_completato;06/07/2024 08:03;06/07/2024 12:37;08/07/2024;11:30;1
132;REQ-2024-00132;CLI000093;SFR000117;OPE000092;servizio_completato;06/07/2024 13:23;06/07/2024 17:44;11/07/2024;15:30;1
133;REQ-2024-00133;CLI000066;SFR000002;OPE000002;servizio_completato;11/07/2024 10:18;11/07/2024 14:58;21/07/2024;15:00;1
134;REQ-2024-00134;CLI000234;SFR000117;OPE000092;servizio_completato;16/07/2024 02:44;16/07/2024 05:21;19/07/2024;13:00;1
135;REQ-2024-00135;CLI000121;SFR000095;OPE000075;servizio_completato;19/07/2024 10:41;19/07/2024 12:14;28/07/2024;10:30;1
136;REQ-2024-00136;CLI000214;SFR000095;OPE000076;servizio_completato;22/07/2024 01:25;22/07/2024 05:05;24/07/2024;17:30;1
137;REQ-2024-00137;CLI000039;SFR000097;OPE000076;servizio_completato;22/07/2024 05:18;22/07/2024 10:30;29/07/2024;16:00;1
138;REQ-2024-00138;CLI000020;SFR000056;OPE000045;servizio_completato;25/07/2024 20:03;26/07/2024 01:21;27/07/2024;17:00;1
139;REQ-2024-00139;CLI000083;SFR000002;OPE000003;servizio_completato;26/07/2024 05:52;26/07/2024 09:15;29/07/2024;15:30;1
140;REQ-2024-00140;CLI000225;SFR000097;OPE000076;servizio_completato;29/07/2024 17:55;29/07/2024 23:01;05/08/2024;17:00;1
141;REQ-2024-00141;CLI000210;SFR000054;OPE000045;servizio_completato;30/07/2024 23:17;31/07/2024 03:56;06/08/2024;10:30;1
142;REQ-2024-00142;CLI000232;SFR000095;OPE000076;servizio_completato;31/07/2024 21:05;31/07/2024 22:51;10/08/2024;16:00;1
143;REQ-2024-00143;CLI000093;SFR000097;OPE000076;servizio_completato;01/08/2024 04:31;01/08/2024 10:23;10/08/2024;08:30;1
144;REQ-2024-00144;CLI000178;SFR000117;OPE000093;servizio_completato;02/08/2024 04:03;02/08/2024 06:08;10/08/2024;16:00;1
145;REQ-2024-00145;CLI000236;SFR000056;OPE000043;servizio_completato;03/08/2024 17:42;03/08/2024 21:16;12/08/2024;17:30;1
146;REQ-2024-00146;CLI000013;SFR000002;OPE000001;servizio_completato;05/08/2024 03:15;05/08/2024 07:57;07/08/2024;09:00;1
147;REQ-2024-00147;CLI000234;SFR000115;OPE000089;servizio_completato;05/08/2024 10:01;05/08/2024 15:08;06/08/2024;16:00;1
148;REQ-2024-00148;CLI000182;SFR000056;OPE000045;servizio_completato;06/08/2024 15:48;06/08/2024 19:25;08/08/2024;14:00;1
149;REQ-2024-00149;CLI000087;SFR000117;OPE000093;servizio_completato;08/08/2024 17:57;08/08/2024 23:04;13/08/2024;10:30;1
150;REQ-2024-00150;CLI000201;SFR000117;OPE000092;servizio_completato;09/08/2024 19:12;09/08/2024 20:46;11/08/2024;11:30;1
151;REQ-2024-00151;CLI000065;SFR000064;OPE000055;servizio_completato;09/08/2024 22:38;10/08/2024 03:55;19/08/2024;12:30;1
152;REQ-2024-00152;CLI000077;SFR000095;OPE000076;servizio_completato;10/08/2024 11:47;10/08/2024 16:26;16/08/2024;10:30;1
153;REQ-2024-00153;CLI000197;SFR000064;OPE000055;servizio_completato;11/08/2024 00:55;11/08/2024 06:39;17/08/2024;11:30;1
154;REQ-2024-00154;CLI000182;SFR000117;OPE000092;servizio_completato;11/08/2024 11:12;11/08/2024 15:04;17/08/2024;11:00;1
155;REQ-2024-00155;CLI000236;SFR000056;OPE000044;servizio_completato;12/08/2024 02:40;12/08/2024 07:26;13/08/2024;08:00;1
156;REQ-2024-00156;CLI000112;SFR000002;OPE000001;servizio_completato;14/08/2024 16:23;14/08/2024 19:24;17/08/2024;11:30;1
157;REQ-2024-00157;CLI000102;SFR000117;OPE000092;servizio_completato;17/08/2024 13:28;17/08/2024 18:51;19/08/2024;11:00;1
158;REQ-2024-00158;CLI000168;SFR000056;OPE000043;servizio_completato;19/08/2024 19:14;20/08/2024 00:19;28/08/2024;11:00;1
159;REQ-2024-00159;CLI000142;SFR000045;OPE000039;servizio_completato;20/08/2024 18:54;20/08/2024 20:23;24/08/2024;17:30;1
160;REQ-2024-00160;CLI000037;SFR000064;OPE000055;servizio_completato;21/08/2024 14:19;21/08/2024 17:48;26/08/2024;14:00;1
161;REQ-2024-00161;CLI000042;SFR000117;OPE000092;servizio_completato;22/08/2024 18:33;22/08/2024 21:59;31/08/2024;14:00;1
162;REQ-2024-00162;CLI000242;SFR000045;OPE000039;servizio_completato;23/08/2024 16:47;23/08/2024 18:00;27/08/2024;09:30;1
163;REQ-2024-00163;CLI000013;SFR000095;OPE000076;servizio_completato;24/08/2024 06:53;24/08/2024 11:40;03/09/2024;13:00;1
164;REQ-2024-00164;CLI000054;SFR000054;OPE000044;servizio_completato;24/08/2024 17:13;24/08/2024 18:41;03/09/2024;11:30;1
165;REQ-2024-00165;CLI000066;SFR000064;OPE000055;servizio_completato;25/08/2024 10:15;25/08/2024 15:51;31/08/2024;15:00;1
166;REQ-2024-00166;CLI000146;SFR000002;OPE000001;servizio_completato;26/08/2024 14:14;26/08/2024 18:22;28/08/2024;12:30;1
167;REQ-2024-00167;CLI000175;SFR000117;OPE000093;servizio_completato;27/08/2024 10:52;27/08/2024 11:59;04/09/2024;17:30;1
168;REQ-2024-00168;CLI000071;SFR000054;OPE000045;servizio_completato;31/08/2024 23:30;01/09/2024 00:38;04/09/2024;08:30;1
169;REQ-2024-00169;CLI000039;SFR000002;OPE000001;servizio_completato;01/09/2024 01:15;01/09/2024 03:30;05/09/2024;14:30;1
170;REQ-2024-00170;CLI000232;SFR000095;OPE000076;servizio_completato;02/09/2024 01:13;02/09/2024 06:56;11/09/2024;08:30;1
171;REQ-2024-00171;CLI000199;SFR000090;OPE000073;servizio_completato;02/09/2024 08:28;02/09/2024 10:40;07/09/2024;13:30;1
172;REQ-2024-00172;CLI000172;SFR000064;OPE000055;servizio_completato;06/09/2024 19:59;06/09/2024 22:56;13/09/2024;16:00;1
173;REQ-2024-00173;CLI000172;SFR000045;OPE000039;servizio_completato;09/09/2024 10:30;09/09/2024 12:31;15/09/2024;14:00;1
174;REQ-2024-00174;CLI000032;SFR000095;OPE000076;servizio_completato;09/09/2024 16:16;09/09/2024 19:16;10/09/2024;13:30;1
175;REQ-2024-00175;CLI000095;SFR000117;OPE000094;servizio_completato;12/09/2024 07:33;12/09/2024 12:45;15/09/2024;13:30;1
176;REQ-2024-00176;CLI000199;SFR000056;OPE000044;servizio_completato;12/09/2024 14:39;12/09/2024 18:02;14/09/2024;15:00;1
177;REQ-2024-00177;CLI000130;SFR000045;OPE000037;servizio_completato;12/09/2024 18:51;12/09/2024 22:18;21/09/2024;12:00;1
178;REQ-2024-00178;CLI000242;SFR000056;OPE000045;servizio_completato;14/09/2024 18:02;14/09/2024 23:23;19/09/2024;15:00;1
179;REQ-2024-00179;CLI000054;SFR000113;OPE000089;servizio_completato;14/09/2024 20:14;14/09/2024 22:29;15/09/2024;17:30;1
180;REQ-2024-00180;CLI000174;SFR000117;OPE000094;servizio_completato;15/09/2024 20:58;16/09/2024 01:16;17/09/2024;13:30;1
181;REQ-2024-00181;CLI000106;SFR000095;OPE000076;servizio_completato;16/09/2024 05:11;16/09/2024 07:16;22/09/2024;15:00;1
182;REQ-2024-00182;CLI000230;SFR000095;OPE000076;servizio_completato;18/09/2024 07:17;18/09/2024 12:28;27/09/2024;09:00;1
183;REQ-2024-00183;CLI000227;SFR000115;OPE000089;servizio_completato;21/09/2024 01:33;21/09/2024 04:33;23/09/2024;15:00;1
184;REQ-2024-00184;CLI000091;SFR000045;OPE000039;servizio_completato;26/09/2024 20:27;27/09/2024 00:00;07/10/2024;08:30;1
185;REQ-2024-00185;CLI000074;SFR000054;OPE000043;servizio_completato;26/09/2024 21:23;27/09/2024 00:00;28/09/2024;15:00;1
186;REQ-2024-00186;CLI000052;SFR000054;OPE000045;servizio_completato;29/09/2024 20:20;29/09/2024 23:57;08/10/2024;16:30;1
187;REQ-2024-00187;CLI000003;SFR000117;OPE000094;servizio_completato;03/10/2024 01:26;03/10/2024 06:46;04/10/2024;10:30;1
188;REQ-2024-00188;CLI000210;SFR000002;OPE000001;servizio_completato;05/10/2024 00:08;05/10/2024 02:32;11/10/2024;11:30;1
189;REQ-2024-00189;CLI000187;SFR000054;OPE000043;servizio_completato;05/10/2024 14:26;05/10/2024 18:21;07/10/2024;15:30;1
190;REQ-2024-00190;CLI000004;SFR000056;OPE000045;servizio_completato;05/10/2024 18:03;05/10/2024 23:06;08/10/2024;12:00;1
191;REQ-2024-00191;CLI000210;SFR000115;OPE000088;servizio_completato;06/10/2024 12:10;06/10/2024 16:36;10/10/2024;15:30;1
192;REQ-2024-00192;CLI000066;SFR000045;OPE000037;servizio_completato;06/10/2024 17:00;06/10/2024 22:42;13/10/2024;17:00;1
193;REQ-2024-00193;CLI000047;SFR000121;OPE000095;servizio_completato;10/10/2024 03:48;10/10/2024 08:12;11/10/2024;12:00;1
194;REQ-2024-00194;CLI000238;SFR000095;OPE000076;servizio_completato;17/10/2024 05:03;17/10/2024 08:41;26/10/2024;12:00;1
195;REQ-2024-00195;CLI000094;SFR000056;OPE000044;servizio_completato;17/10/2024 17:29;17/10/2024 19:15;18/10/2024;17:00;1
196;REQ-2024-00196;CLI000234;SFR000115;OPE000088;servizio_completato;17/10/2024 23:34;18/10/2024 04:32;24/10/2024;09:00;1
197;REQ-2024-00197;CLI000093;SFR000054;OPE000045;servizio_completato;25/10/2024 16:07;25/10/2024 19:09;29/10/2024;12:30;1
198;REQ-2024-00198;CLI000177;SFR000115;OPE000089;servizio_completato;30/10/2024 13:52;30/10/2024 15:39;31/10/2024;14:00;1
199;REQ-2024-00199;CLI000201;SFR000115;OPE000091;servizio_completato;04/11/2024 21:12;04/11/2024 23:34;12/11/2024;17:30;1
200;REQ-2024-00200;CLI000011;SFR000004;OPE000001;servizio_completato;06/11/2024 04:24;06/11/2024 06:21;11/11/2024;09:30;1
201;REQ-2024-00201;CLI000184;SFR000117;OPE000094;servizio_completato;06/11/2024 05:16;06/11/2024 07:54;07/11/2024;15:30;1
202;REQ-2024-00202;CLI000095;SFR000095;OPE000076;servizio_completato;08/11/2024 00:17;08/11/2024 04:10;14/11/2024;12:30;1
203;REQ-2024-00203;CLI000169;SFR000121;OPE000096;servizio_completato;09/11/2024 21:38;10/11/2024 02:55;15/11/2024;10:00;1
204;REQ-2024-00204;CLI000040;SFR000099;OPE000080;servizio_completato;17/11/2024 19:24;17/11/2024 23:17;19/11/2024;12:00;1
205;REQ-2024-00205;CLI000214;SFR000115;OPE000091;servizio_completato;17/11/2024 23:52;18/11/2024 03:04;26/11/2024;13:30;1
206;REQ-2024-00206;CLI000214;SFR000099;OPE000079;servizio_completato;23/11/2024 18:00;23/11/2024 20:18;01/12/2024;14:30;1
207;REQ-2024-00207;CLI000119;SFR000121;OPE000097;servizio_completato;24/11/2024 09:12;24/11/2024 13:50;03/12/2024;13:00;1
208;REQ-2024-00208;CLI000222;SFR000054;OPE000043;servizio_completato;25/11/2024 00:45;25/11/2024 05:20;29/11/2024;17:00;1
209;REQ-2024-00209;CLI000119;SFR000004;OPE000001;servizio_completato;28/11/2024 08:44;28/11/2024 12:03;07/12/2024;15:30;1
210;REQ-2024-00210;CLI000119;SFR000064;OPE000055;servizio_completato;30/11/2024 04:44;30/11/2024 08:08;03/12/2024;13:30;1
211;REQ-2024-00211;CLI000032;SFR000004;OPE000001;servizio_completato;03/12/2024 11:28;03/12/2024 13:01;13/12/2024;14:30;1
212;REQ-2024-00212;CLI000173;SFR000002;OPE000001;servizio_completato;04/12/2024 04:28;04/12/2024 07:38;05/12/2024;08:30;1
213;REQ-2024-00213;CLI000021;SFR000097;OPE000076;servizio_completato;04/12/2024 11:56;04/12/2024 16:02;10/12/2024;09:00;1
214;REQ-2024-00214;CLI000087;SFR000090;OPE000073;servizio_completato;04/12/2024 23:25;05/12/2024 04:54;07/12/2024;08:30;1
215;REQ-2024-00215;CLI000233;SFR000016;OPE000010;servizio_completato;05/12/2024 22:59;05/12/2024 23:54;14/12/2024;11:00;1
216;REQ-2024-00216;CLI000142;SFR000016;OPE000010;servizio_completato;06/12/2024 09:42;06/12/2024 14:04;16/12/2024;13:30;1
217;REQ-2024-00217;CLI000169;SFR000099;OPE000078;servizio_completato;09/12/2024 03:34;09/12/2024 08:18;12/12/2024;13:00;1
218;REQ-2024-00218;CLI000020;SFR000099;OPE000080;servizio_completato;09/12/2024 21:10;10/12/2024 01:37;15/12/2024;14:00;1
219;REQ-2024-00219;CLI000156;SFR000099;OPE000080;servizio_completato;11/12/2024 10:18;11/12/2024 14:51;17/12/2024;16:30;1
220;REQ-2024-00220;CLI000172;SFR000099;OPE000078;servizio_completato;12/12/2024 18:53;12/12/2024 22:36;17/12/2024;12:00;1
221;REQ-2024-00221;CLI000054;SFR000099;OPE000079;servizio_completato;15/12/2024 16:47;15/12/2024 20:46;24/12/2024;08:00;1
222;REQ-2024-00222;CLI000146;SFR000115;OPE000091;servizio_completato;16/12/2024 14:13;16/12/2024 18:33;24/12/2024;12:30;1
223;REQ-2024-00223;CLI000095;SFR000064;OPE000055;servizio_completato;20/12/2024 22:51;21/12/2024 02:45;28/12/2024;09:30;1
224;REQ-2024-00224;CLI000129;SFR000045;OPE000037;servizio_completato;22/12/2024 18:29;22/12/2024 20:18;27/12/2024;11:00;1
225;REQ-2024-00225;CLI000166;SFR000064;OPE000052;servizio_completato;23/12/2024 07:42;23/12/2024 12:27;01/01/2025;13:30;1
226;REQ-2024-00226;CLI000165;SFR000095;OPE000077;servizio_completato;23/12/2024 11:08;23/12/2024 12:14;30/12/2024;08:30;1
227;REQ-2024-00227;CLI000027;SFR000117;OPE000094;servizio_completato;27/12/2024 15:04;27/12/2024 17:56;04/01/2025;13:00;1
228;REQ-2024-00228;CLI000100;SFR000095;OPE000076;servizio_completato;27/12/2024 22:47;28/12/2024 02:08;29/12/2024;14:30;1
229;REQ-2024-00229;CLI000065;SFR000095;OPE000077;servizio_completato;29/12/2024 12:15;29/12/2024 16:45;02/01/2025;13:30;1
230;REQ-2024-00230;CLI000182;SFR000064;OPE000052;servizio_completato;29/12/2024 17:30;29/12/2024 18:48;30/12/2024;11:30;1
231;REQ-2024-00231;CLI000058;SFR000095;OPE000076;servizio_completato;30/12/2024 00:48;30/12/2024 02:29;08/01/2025;12:00;1
232;REQ-2024-00232;CLI000188;SFR000099;OPE000079;servizio_completato;30/12/2024 16:52;30/12/2024 19:18;01/01/2025;14:00;1
233;REQ-2024-00233;CLI000087;SFR000099;OPE000078;servizio_completato;30/12/2024 20:32;30/12/2024 22:43;02/01/2025;08:00;1
234;REQ-2025-00234;CLI000039;SFR000004;OPE000001;servizio_completato;02/01/2025 00:44;02/01/2025 02:55;05/01/2025;17:00;1
235;REQ-2025-00235;CLI000183;SFR000002;OPE000001;servizio_completato;02/01/2025 01:59;02/01/2025 06:27;07/01/2025;10:30;1
236;REQ-2025-00236;CLI000087;SFR000056;OPE000043;servizio_completato;04/01/2025 17:07;04/01/2025 23:02;06/01/2025;13:30;1
237;REQ-2025-00237;CLI000066;SFR000002;OPE000001;servizio_completato;05/01/2025 17:02;05/01/2025 21:14;07/01/2025;15:00;1
238;REQ-2025-00238;CLI000110;SFR000054;OPE000043;servizio_completato;05/01/2025 18:51;06/01/2025 00:51;11/01/2025;15:30;1
239;REQ-2025-00239;CLI000118;SFR000054;OPE000043;servizio_completato;06/01/2025 15:43;06/01/2025 18:39;10/01/2025;12:30;1
240;REQ-2025-00240;CLI000014;SFR000045;OPE000039;servizio_completato;06/01/2025 17:04;06/01/2025 22:05;10/01/2025;11:00;1
241;REQ-2025-00241;CLI000227;SFR000097;OPE000077;servizio_completato;08/01/2025 13:27;08/01/2025 18:33;14/01/2025;14:00;1
242;REQ-2025-00242;CLI000163;SFR000045;OPE000037;servizio_completato;08/01/2025 23:00;08/01/2025 23:54;09/01/2025;12:30;1
243;REQ-2025-00243;CLI000169;SFR000045;OPE000039;servizio_completato;09/01/2025 07:58;09/01/2025 10:37;15/01/2025;12:30;1
244;REQ-2025-00244;CLI000105;SFR000056;OPE000044;servizio_completato;11/01/2025 14:13;11/01/2025 18:04;17/01/2025;09:00;1
245;REQ-2025-00245;CLI000182;SFR000056;OPE000044;servizio_completato;12/01/2025 02:05;12/01/2025 04:01;15/01/2025;12:30;1
246;REQ-2025-00246;CLI000121;SFR000056;OPE000044;servizio_completato;15/01/2025 07:12;15/01/2025 10:00;24/01/2025;11:30;1
247;REQ-2025-00247;CLI000168;SFR000119;OPE000094;servizio_completato;15/01/2025 08:23;15/01/2025 12:46;22/01/2025;17:00;1
248;REQ-2025-00248;CLI000077;SFR000113;OPE000091;servizio_completato;15/01/2025 09:42;15/01/2025 10:49;16/01/2025;10:30;1
249;REQ-2025-00249;CLI000070;SFR000090;OPE000073;servizio_completato;20/01/2025 00:46;20/01/2025 03:08;30/01/2025;14:30;1
250;REQ-2025-00250;CLI000048;SFR000064;OPE000055;servizio_completato;21/01/2025 06:34;21/01/2025 08:15;28/01/2025;10:30;1
251;REQ-2025-00251;CLI000094;SFR000045;OPE000039;servizio_completato;22/01/2025 15:08;22/01/2025 19:06;01/02/2025;10:00;1
252;REQ-2025-00252;CLI000169;SFR000056;OPE000045;servizio_completato;24/01/2025 07:14;24/01/2025 10:04;27/01/2025;12:00;1
253;REQ-2025-00253;CLI000168;SFR000047;OPE000036;servizio_completato;24/01/2025 08:02;24/01/2025 13:53;25/01/2025;12:30;1
254;REQ-2025-00254;CLI000023;SFR000004;OPE000001;servizio_completato;25/01/2025 02:28;25/01/2025 05:19;26/01/2025;08:30;1
255;REQ-2025-00255;CLI000197;SFR000004;OPE000001;servizio_completato;28/01/2025 12:13;28/01/2025 15:09;03/02/2025;08:30;1
256;REQ-2025-00256;CLI000041;SFR000090;OPE000073;servizio_completato;02/02/2025 01:27;02/02/2025 03:20;07/02/2025;09:00;1
257;REQ-2025-00257;CLI000071;SFR000064;OPE000055;servizio_completato;05/02/2025 08:04;05/02/2025 13:18;06/02/2025;16:00;1
258;REQ-2025-00258;CLI000210;SFR000123;OPE000097;servizio_completato;05/02/2025 19:14;05/02/2025 21:17;11/02/2025;09:00;1
259;REQ-2025-00259;CLI000083;SFR000090;OPE000073;servizio_completato;08/02/2025 03:19;08/02/2025 07:41;14/02/2025;13:30;1
260;REQ-2025-00260;CLI000234;SFR000095;OPE000077;servizio_completato;13/02/2025 00:23;13/02/2025 02:48;18/02/2025;17:00;1
261;REQ-2025-00261;CLI000065;SFR000101;OPE000079;servizio_completato;14/02/2025 19:43;14/02/2025 23:21;19/02/2025;17:30;1
262;REQ-2025-00262;CLI000211;SFR000099;OPE000079;servizio_completato;15/02/2025 18:01;15/02/2025 23:07;19/02/2025;12:30;1
263;REQ-2025-00263;CLI000114;SFR000115;OPE000088;servizio_completato;16/02/2025 11:41;16/02/2025 17:09;24/02/2025;10:30;1
264;REQ-2025-00264;CLI000054;SFR000021;OPE000015;servizio_completato;18/02/2025 11:14;18/02/2025 12:03;26/02/2025;11:00;1
265;REQ-2025-00265;CLI000172;SFR000120;OPE000092;servizio_completato;18/02/2025 11:57;18/02/2025 14:57;25/02/2025;10:30;1
266;REQ-2025-00266;CLI000151;SFR000054;OPE000045;servizio_completato;18/02/2025 18:16;18/02/2025 23:39;19/02/2025;12:30;1
267;REQ-2025-00267;CLI000179;SFR000119;OPE000092;servizio_completato;20/02/2025 03:37;20/02/2025 07:52;01/03/2025;11:30;1
268;REQ-2025-00268;CLI000073;SFR000090;OPE000073;servizio_completato;20/02/2025 22:55;21/02/2025 00:50;28/02/2025;12:30;1
269;REQ-2025-00269;CLI000178;SFR000038;OPE000031;servizio_completato;28/02/2025 10:15;28/02/2025 14:09;08/03/2025;14:30;1
270;REQ-2025-00270;CLI000037;SFR000018;OPE000012;servizio_completato;02/03/2025 12:09;02/03/2025 15:45;11/03/2025;10:00;1
271;REQ-2025-00271;CLI000011;SFR000090;OPE000073;servizio_completato;02/03/2025 19:04;02/03/2025 21:05;04/03/2025;09:00;1
272;REQ-2025-00272;CLI000221;SFR000123;OPE000095;servizio_completato;05/03/2025 01:30;05/03/2025 07:19;15/03/2025;16:30;1
273;REQ-2025-00273;CLI000132;SFR000123;OPE000095;servizio_completato;05/03/2025 12:39;05/03/2025 14:48;10/03/2025;11:30;1
274;REQ-2025-00274;CLI000141;SFR000064;OPE000052;servizio_completato;06/03/2025 03:01;06/03/2025 04:47;15/03/2025;11:00;1
275;REQ-2025-00275;CLI000066;SFR000039;OPE000030;servizio_completato;06/03/2025 17:33;06/03/2025 19:32;08/03/2025;08:00;1
276;REQ-2025-00276;CLI000145;SFR000019;OPE000010;servizio_completato;07/03/2025 00:44;07/03/2025 05:35;11/03/2025;10:30;1
277;REQ-2025-00277;CLI000117;SFR000101;OPE000079;servizio_completato;08/03/2025 06:09;08/03/2025 10:39;09/03/2025;16:00;1
278;REQ-2025-00278;CLI000102;SFR000119;OPE000092;servizio_completato;08/03/2025 14:23;08/03/2025 19:45;18/03/2025;15:00;1
279;REQ-2025-00279;CLI000058;SFR000057;OPE000043;servizio_completato;08/03/2025 22:18;09/03/2025 00:23;17/03/2025;16:30;1
280;REQ-2025-00280;CLI000021;SFR000019;OPE000010;servizio_completato;10/03/2025 16:38;10/03/2025 21:34;17/03/2025;13:30;1
281;REQ-2025-00281;CLI000224;SFR000016;OPE000012;servizio_completato;12/03/2025 09:55;12/03/2025 15:24;16/03/2025;10:00;1
282;REQ-2025-00282;CLI000082;SFR000120;OPE000094;servizio_completato;12/03/2025 15:36;12/03/2025 18:35;17/03/2025;17:30;1
283;REQ-2025-00283;CLI000113;SFR000067;OPE000052;servizio_completato;13/03/2025 07:56;13/03/2025 08:51;20/03/2025;17:30;1
284;REQ-2025-00284;CLI000163;SFR000048;OPE000036;servizio_completato;13/03/2025 16:38;13/03/2025 22:32;18/03/2025;16:30;1
285;REQ-2025-00285;CLI000052;SFR000067;OPE000055;servizio_completato;15/03/2025 02:57;15/03/2025 03:59;21/03/2025;12:30;1
286;REQ-2025-00286;CLI000227;SFR000113;OPE000091;servizio_completato;17/03/2025 16:56;17/03/2025 20:20;20/03/2025;08:30;1
287;REQ-2025-00287;CLI000179;SFR000004;OPE000001;servizio_completato;18/03/2025 20:09;18/03/2025 22:02;28/03/2025;11:00;1
288;REQ-2025-00288;CLI000070;SFR000102;OPE000079;servizio_completato;21/03/2025 15:38;21/03/2025 19:57;31/03/2025;08:00;1
289;REQ-2025-00289;CLI000249;SFR000023;OPE000015;servizio_completato;23/03/2025 01:33;23/03/2025 05:25;29/03/2025;10:30;1
290;REQ-2025-00290;CLI000142;SFR000119;OPE000092;servizio_completato;28/03/2025 23:27;29/03/2025 03:54;04/04/2025;17:30;1
291;REQ-2025-00291;CLI000188;SFR000101;OPE000079;servizio_completato;03/04/2025 10:19;03/04/2025 11:20;05/04/2025;12:30;1
292;REQ-2025-00292;CLI000036;SFR000047;OPE000036;servizio_completato;03/04/2025 20:32;03/04/2025 23:19;06/04/2025;14:00;1
293;REQ-2025-00293;CLI000114;SFR000013;OPE000008;servizio_completato;04/04/2025 02:36;04/04/2025 06:23;06/04/2025;11:30;1
294;REQ-2025-00294;CLI000234;SFR000019;OPE000012;servizio_completato;04/04/2025 11:55;04/04/2025 16:54;05/04/2025;13:00;1
295;REQ-2025-00295;CLI000012;SFR000056;OPE000045;servizio_completato;04/04/2025 14:55;04/04/2025 18:47;09/04/2025;08:00;1
296;REQ-2025-00296;CLI000040;SFR000121;OPE000097;servizio_completato;07/04/2025 01:32;07/04/2025 03:10;13/04/2025;09:00;1
297;REQ-2025-00297;CLI000227;SFR000119;OPE000092;servizio_completato;08/04/2025 18:58;08/04/2025 23:16;17/04/2025;15:30;1
298;REQ-2025-00298;CLI000083;SFR000047;OPE000036;servizio_completato;09/04/2025 05:35;09/04/2025 09:32;17/04/2025;16:00;1
299;REQ-2025-00299;CLI000037;SFR000097;OPE000077;servizio_completato;10/04/2025 15:34;10/04/2025 18:12;14/04/2025;15:00;1
300;REQ-2025-00300;CLI000083;SFR000034;OPE000025;servizio_completato;10/04/2025 23:11;11/04/2025 04:01;15/04/2025;09:00;1
301;REQ-2025-00301;CLI000214;SFR000024;OPE000014;servizio_completato;12/04/2025 04:15;12/04/2025 09:32;19/04/2025;14:00;1
302;REQ-2025-00302;CLI000250;SFR000087;OPE000069;servizio_completato;12/04/2025 12:13;12/04/2025 15:18;17/04/2025;11:30;1
303;REQ-2025-00303;CLI000086;SFR000021;OPE000015;servizio_completato;19/04/2025 09:23;19/04/2025 11:05;28/04/2025;14:30;1
304;REQ-2025-00304;CLI000033;SFR000115;OPE000088;servizio_completato;19/04/2025 09:24;19/04/2025 11:40;23/04/2025;12:00;1
305;REQ-2025-00305;CLI000123;SFR000121;OPE000096;servizio_completato;19/04/2025 12:21;19/04/2025 16:03;25/04/2025;15:30;1
306;REQ-2025-00306;CLI000165;SFR000045;OPE000039;servizio_completato;24/04/2025 02:48;24/04/2025 07:32;02/05/2025;09:30;1
307;REQ-2025-00307;CLI000080;SFR000117;OPE000092;servizio_completato;25/04/2025 11:10;25/04/2025 11:46;28/04/2025;08:00;1
308;REQ-2025-00308;CLI000041;SFR000056;OPE000045;servizio_completato;27/04/2025 15:39;27/04/2025 20:02;28/04/2025;13:00;1
309;REQ-2025-00309;CLI000169;SFR000099;OPE000079;servizio_completato;29/04/2025 14:36;29/04/2025 16:47;01/05/2025;17:00;1
310;REQ-2025-00310;CLI000048;SFR000063;OPE000049;servizio_completato;30/04/2025 08:56;30/04/2025 10:45;08/05/2025;11:00;1
311;REQ-2025-00311;CLI000208;SFR000034;OPE000025;servizio_completato;02/05/2025 09:32;02/05/2025 14:41;08/05/2025;12:30;1
312;REQ-2025-00312;CLI000192;SFR000023;OPE000014;servizio_completato;06/05/2025 02:30;06/05/2025 07:00;14/05/2025;12:30;1
313;REQ-2025-00313;CLI000141;SFR000098;OPE000076;servizio_completato;10/05/2025 09:35;10/05/2025 12:39;13/05/2025;16:00;1
314;REQ-2025-00314;CLI000208;SFR000039;OPE000028;servizio_completato;10/05/2025 17:30;10/05/2025 20:16;18/05/2025;11:00;1
315;REQ-2025-00315;CLI000150;SFR000121;OPE000096;servizio_completato;11/05/2025 00:58;11/05/2025 02:34;17/05/2025;16:00;1
316;REQ-2025-00316;CLI000037;SFR000095;OPE000076;servizio_completato;11/05/2025 15:38;11/05/2025 17:25;15/05/2025;14:00;1
317;REQ-2025-00317;CLI000034;SFR000121;OPE000095;servizio_completato;11/05/2025 17:07;11/05/2025 20:55;20/05/2025;14:30;1
318;REQ-2025-00318;CLI000036;SFR000047;OPE000039;servizio_completato;12/05/2025 00:02;12/05/2025 03:42;14/05/2025;16:00;1
319;REQ-2025-00319;CLI000162;SFR000036;OPE000030;servizio_completato;12/05/2025 11:09;12/05/2025 15:10;13/05/2025;17:00;1
320;REQ-2025-00320;CLI000178;SFR000047;OPE000039;servizio_completato;13/05/2025 10:50;13/05/2025 16:50;15/05/2025;11:30;1
321;REQ-2025-00321;CLI000208;SFR000099;OPE000078;servizio_completato;14/05/2025 11:23;14/05/2025 12:24;22/05/2025;09:30;1
322;REQ-2025-00322;CLI000232;SFR000123;OPE000095;servizio_completato;15/05/2025 12:58;15/05/2025 13:37;16/05/2025;11:00;1
323;REQ-2025-00323;CLI000188;SFR000078;OPE000064;servizio_completato;15/05/2025 14:19;15/05/2025 16:38;24/05/2025;15:00;1
324;REQ-2025-00324;CLI000012;SFR000012;OPE000007;servizio_completato;17/05/2025 16:15;17/05/2025 21:45;20/05/2025;09:30;1
325;REQ-2025-00325;CLI000245;SFR000124;OPE000097;servizio_completato;18/05/2025 21:52;18/05/2025 23:05;19/05/2025;10:00;1
326;REQ-2025-00326;CLI000121;SFR000066;OPE000052;servizio_completato;21/05/2025 16:58;21/05/2025 19:06;28/05/2025;14:00;1
327;REQ-2025-00327;CLI000197;SFR000056;OPE000044;servizio_completato;21/05/2025 19:32;21/05/2025 22:01;23/05/2025;11:00;1
328;REQ-2025-00328;CLI000132;SFR000097;OPE000076;servizio_completato;23/05/2025 15:41;23/05/2025 17:32;31/05/2025;16:30;1
329;REQ-2025-00329;CLI000041;SFR000023;OPE000016;servizio_completato;24/05/2025 05:02;24/05/2025 07:39;30/05/2025;14:00;1
330;REQ-2025-00330;CLI000134;SFR000101;OPE000078;servizio_completato;24/05/2025 11:27;24/05/2025 15:18;03/06/2025;12:30;1
331;REQ-2025-00331;CLI000034;SFR000047;OPE000037;servizio_completato;24/05/2025 22:29;25/05/2025 01:58;03/06/2025;14:30;1
332;REQ-2025-00332;CLI000141;SFR000077;OPE000064;servizio_completato;26/05/2025 22:12;27/05/2025 03:46;30/05/2025;12:30;1
333;REQ-2025-00333;CLI000054;SFR000115;OPE000091;servizio_completato;27/05/2025 02:05;27/05/2025 05:36;03/06/2025;08:30;1
334;REQ-2025-00334;CLI000131;SFR000101;OPE000078;servizio_completato;27/05/2025 22:44;28/05/2025 01:47;06/06/2025;12:30;1
335;REQ-2025-00335;CLI000020;SFR000019;OPE000011;servizio_completato;30/05/2025 01:04;30/05/2025 01:59;02/06/2025;17:30;1
336;REQ-2025-00336;CLI000235;SFR000095;OPE000077;servizio_completato;31/05/2025 10:15;31/05/2025 14:38;06/06/2025;11:00;1
337;REQ-2025-00337;CLI000140;SFR000013;OPE000007;servizio_completato;03/06/2025 20:37;04/06/2025 01:52;11/06/2025;12:30;1
338;REQ-2025-00338;CLI000212;SFR000004;OPE000001;servizio_completato;06/06/2025 13:46;06/06/2025 15:49;14/06/2025;11:30;1
339;REQ-2025-00339;CLI000119;SFR000124;OPE000097;servizio_completato;07/06/2025 16:27;07/06/2025 18:35;10/06/2025;17:30;1
340;REQ-2025-00340;CLI000245;SFR000093;OPE000073;servizio_completato;08/06/2025 16:25;08/06/2025 21:44;16/06/2025;13:00;1
341;REQ-2025-00341;CLI000208;SFR000098;OPE000076;servizio_completato;08/06/2025 23:42;09/06/2025 03:52;12/06/2025;17:30;1
342;REQ-2025-00342;CLI000250;SFR000004;OPE000001;servizio_completato;09/06/2025 04:44;09/06/2025 10:15;13/06/2025;08:00;1
343;REQ-2025-00343;CLI000208;SFR000120;OPE000092;servizio_completato;14/06/2025 20:42;14/06/2025 23:07;17/06/2025;10:00;1
344;REQ-2025-00344;CLI000058;SFR000048;OPE000036;servizio_completato;18/06/2025 22:17;19/06/2025 02:03;28/06/2025;17:30;1
345;REQ-2025-00345;CLI000118;SFR000095;OPE000077;servizio_completato;20/06/2025 19:37;20/06/2025 22:15;28/06/2025;12:00;1
346;REQ-2025-00346;CLI000073;SFR000019;OPE000012;servizio_completato;24/06/2025 05:48;24/06/2025 09:39;03/07/2025;10:00;1
347;REQ-2025-00347;CLI000032;SFR000036;OPE000028;servizio_completato;27/06/2025 15:28;27/06/2025 16:13;01/07/2025;11:00;1
348;REQ-2025-00348;CLI000150;SFR000092;OPE000073;servizio_completato;27/06/2025 21:11;28/06/2025 00:03;08/07/2025;11:30;1
349;REQ-2025-00349;CLI000117;SFR000036;OPE000031;servizio_completato;05/07/2025 21:55;06/07/2025 01:14;12/07/2025;12:30;1
350;REQ-2025-00350;CLI000150;SFR000092;OPE000073;servizio_completato;06/07/2025 17:36;06/07/2025 19:41;16/07/2025;14:00;1
351;REQ-2025-00351;CLI000192;SFR000002;OPE000001;servizio_completato;11/07/2025 17:57;11/07/2025 20:06;18/07/2025;16:30;1
352;REQ-2025-00352;CLI000221;SFR000077;OPE000064;servizio_completato;11/07/2025 20:40;12/07/2025 00:06;22/07/2025;16:30;1
353;REQ-2025-00353;CLI000104;SFR000119;OPE000092;servizio_completato;13/07/2025 02:41;13/07/2025 04:18;15/07/2025;10:30;1
354;REQ-2025-00354;CLI000075;SFR000115;OPE000091;servizio_completato;13/07/2025 19:45;13/07/2025 23:23;21/07/2025;16:30;1
355;REQ-2025-00355;CLI000036;SFR000039;OPE000030;servizio_completato;13/07/2025 22:00;13/07/2025 23:54;14/07/2025;14:30;1
356;REQ-2025-00356;CLI000074;SFR000093;OPE000073;servizio_completato;15/07/2025 18:43;15/07/2025 19:36;19/07/2025;12:00;1
357;REQ-2025-00357;CLI000172;SFR000016;OPE000010;servizio_completato;16/07/2025 02:50;16/07/2025 05:24;23/07/2025;17:30;1
358;REQ-2025-00358;CLI000227;SFR000062;OPE000049;servizio_completato;16/07/2025 13:57;16/07/2025 19:36;19/07/2025;15:30;1
359;REQ-2025-00359;CLI000110;SFR000090;OPE000073;servizio_completato;17/07/2025 03:51;17/07/2025 07:38;26/07/2025;15:30;1
360;REQ-2025-00360;CLI000109;SFR000057;OPE000044;servizio_completato;19/07/2025 07:05;19/07/2025 11:04;25/07/2025;17:00;1
361;REQ-2025-00361;CLI000068;SFR000086;OPE000070;servizio_completato;21/07/2025 15:33;21/07/2025 16:40;22/07/2025;17:00;1
362;REQ-2025-00362;CLI000158;SFR000116;OPE000091;servizio_completato;22/07/2025 05:10;22/07/2025 06:03;29/07/2025;08:00;1
363;REQ-2025-00363;CLI000075;SFR000048;OPE000037;servizio_completato;22/07/2025 05:45;22/07/2025 07:13;27/07/2025;15:30;1
364;REQ-2025-00364;CLI000098;SFR000022;OPE000014;servizio_completato;25/07/2025 04:23;25/07/2025 09:46;27/07/2025;11:00;1
365;REQ-2025-00365;CLI000045;SFR000054;OPE000044;servizio_completato;26/07/2025 05:22;26/07/2025 10:50;31/07/2025;08:30;1
366;REQ-2025-00366;CLI000212;SFR000074;OPE000061;servizio_completato;27/07/2025 06:04;27/07/2025 10:11;05/08/2025;13:30;1
367;REQ-2025-00367;CLI000082;SFR000055;OPE000045;servizio_completato;29/07/2025 01:20;29/07/2025 04:06;31/07/2025;17:00;1
368;REQ-2025-00368;CLI000091;SFR000016;OPE000011;servizio_completato;31/07/2025 01:32;31/07/2025 02:14;10/08/2025;16:30;1
369;REQ-2025-00369;CLI000034;SFR000066;OPE000052;servizio_completato;31/07/2025 21:39;01/08/2025 02:40;07/08/2025;14:30;1
370;REQ-2025-00370;CLI000199;SFR000066;OPE000055;servizio_completato;03/08/2025 02:07;03/08/2025 03:38;07/08/2025;11:00;1
371;REQ-2025-00371;CLI000146;SFR000129;OPE000099;servizio_completato;04/08/2025 16:54;04/08/2025 20:37;11/08/2025;09:00;1
372;REQ-2025-00372;CLI000062;SFR000021;OPE000014;servizio_completato;08/08/2025 05:08;08/08/2025 10:57;11/08/2025;15:00;1
373;REQ-2025-00373;CLI000206;SFR000053;OPE000044;servizio_completato;11/08/2025 07:25;11/08/2025 08:46;19/08/2025;17:00;1
374;REQ-2025-00374;CLI000238;SFR000047;OPE000039;servizio_completato;13/08/2025 07:46;13/08/2025 12:25;22/08/2025;08:00;1
375;REQ-2025-00375;CLI000197;SFR000087;OPE000070;servizio_completato;14/08/2025 17:08;14/08/2025 21:30;23/08/2025;17:30;1
376;REQ-2025-00376;CLI000172;SFR000087;OPE000071;servizio_completato;15/08/2025 19:47;15/08/2025 22:25;24/08/2025;08:00;1
377;REQ-2025-00377;CLI000151;SFR000034;OPE000025;servizio_completato;17/08/2025 22:11;18/08/2025 01:23;26/08/2025;14:30;1
378;REQ-2025-00378;CLI000145;SFR000067;OPE000052;servizio_completato;19/08/2025 11:45;19/08/2025 13:30;20/08/2025;09:30;1
379;REQ-2025-00379;CLI000173;SFR000119;OPE000092;servizio_completato;20/08/2025 14:24;20/08/2025 16:55;27/08/2025;17:30;1
380;REQ-2025-00380;CLI000210;SFR000123;OPE000096;servizio_completato;21/08/2025 09:07;21/08/2025 11:47;22/08/2025;14:00;1
381;REQ-2025-00381;CLI000131;SFR000022;OPE000015;servizio_completato;25/08/2025 00:03;25/08/2025 03:42;28/08/2025;15:00;1
382;REQ-2025-00382;CLI000066;SFR000038;OPE000028;servizio_completato;26/08/2025 07:54;26/08/2025 11:07;05/09/2025;11:00;1
383;REQ-2025-00383;CLI000093;SFR000035;OPE000025;servizio_completato;26/08/2025 09:18;26/08/2025 12:37;28/08/2025;15:30;1
384;REQ-2025-00384;CLI000140;SFR000090;OPE000072;servizio_completato;26/08/2025 17:31;26/08/2025 20:59;01/09/2025;15:00;1
385;REQ-2025-00385;CLI000129;SFR000047;OPE000036;servizio_completato;28/08/2025 06:09;28/08/2025 07:25;29/08/2025;12:30;1
386;REQ-2025-00386;CLI000167;SFR000119;OPE000092;servizio_completato;29/08/2025 13:10;29/08/2025 19:05;05/09/2025;13:30;1
387;REQ-2025-00387;CLI000233;SFR000086;OPE000071;servizio_completato;29/08/2025 23:31;30/08/2025 05:30;01/09/2025;12:30;1
388;REQ-2025-00388;CLI000052;SFR000126;OPE000100;servizio_completato;02/09/2025 00:56;02/09/2025 06:49;07/09/2025;14:30;1
389;REQ-2025-00389;CLI000012;SFR000129;OPE000099;servizio_completato;05/09/2025 14:37;05/09/2025 18:45;08/09/2025;13:00;1
390;REQ-2025-00390;CLI000223;SFR000005;OPE000001;servizio_completato;06/09/2025 12:22;06/09/2025 16:42;16/09/2025;14:30;1
391;REQ-2025-00391;CLI000131;SFR000129;OPE000098;servizio_completato;07/09/2025 20:52;08/09/2025 00:39;10/09/2025;13:00;1
392;REQ-2025-00392;CLI000197;SFR000062;OPE000049;servizio_completato;08/09/2025 03:30;08/09/2025 06:24;15/09/2025;15:30;1
393;REQ-2025-00393;CLI000012;SFR000087;OPE000071;servizio_completato;08/09/2025 06:09;08/09/2025 08:58;16/09/2025;15:00;1
394;REQ-2025-00394;CLI000151;SFR000056;OPE000045;servizio_completato;09/09/2025 19:55;10/09/2025 00:38;15/09/2025;13:30;1
395;REQ-2025-00395;CLI000078;SFR000092;OPE000072;servizio_completato;12/09/2025 10:43;12/09/2025 15:33;20/09/2025;09:00;1
396;REQ-2025-00396;CLI000150;SFR000080;OPE000063;servizio_completato;12/09/2025 18:49;12/09/2025 19:24;14/09/2025;12:00;1
397;REQ-2025-00397;CLI000174;SFR000127;OPE000100;servizio_completato;14/09/2025 15:05;14/09/2025 19:09;23/09/2025;08:30;1
398;REQ-2025-00398;CLI000240;SFR000077;OPE000063;servizio_completato;19/09/2025 17:52;19/09/2025 18:35;27/09/2025;12:30;1
399;REQ-2025-00399;CLI000158;SFR000040;OPE000033;servizio_completato;20/09/2025 02:01;20/09/2025 07:49;29/09/2025;08:30;1
400;REQ-2025-00400;CLI000141;SFR000116;OPE000091;servizio_completato;27/09/2025 13:38;27/09/2025 17:55;05/10/2025;10:00;1
401;REQ-2025-00401;CLI000236;SFR000080;OPE000063;servizio_completato;30/09/2025 05:55;30/09/2025 10:12;10/10/2025;12:30;1
402;REQ-2025-00402;CLI000018;SFR000101;OPE000078;servizio_completato;30/09/2025 15:00;30/09/2025 16:01;07/10/2025;13:00;1
403;REQ-2025-00403;CLI000094;SFR000063;OPE000049;servizio_completato;04/10/2025 10:38;04/10/2025 15:53;14/10/2025;10:30;1
404;REQ-2025-00404;CLI000074;SFR000056;OPE000045;servizio_completato;05/10/2025 09:53;05/10/2025 13:19;12/10/2025;09:30;1
405;REQ-2025-00405;CLI000163;SFR000020;OPE000016;servizio_completato;06/10/2025 12:00;06/10/2025 14:53;07/10/2025;13:00;1
406;REQ-2025-00406;CLI000155;SFR000101;OPE000078;servizio_completato;07/10/2025 15:30;07/10/2025 18:54;17/10/2025;10:30;1
407;REQ-2025-00407;CLI000166;SFR000004;OPE000003;servizio_completato;09/10/2025 03:28;09/10/2025 08:37;14/10/2025;12:30;1
408;REQ-2025-00408;CLI000042;SFR000059;OPE000047;servizio_completato;10/10/2025 20:45;10/10/2025 21:25;16/10/2025;10:30;1
409;REQ-2025-00409;CLI000013;SFR000038;OPE000031;servizio_completato;11/10/2025 03:52;11/10/2025 08:35;14/10/2025;12:00;1
410;REQ-2025-00410;CLI000130;SFR000089;OPE000071;servizio_completato;12/10/2025 05:15;12/10/2025 10:43;22/10/2025;11:30;1
411;REQ-2025-00411;CLI000223;SFR000120;OPE000094;servizio_completato;19/10/2025 02:51;19/10/2025 07:30;22/10/2025;11:30;1
412;REQ-2025-00412;CLI000230;SFR000018;OPE000011;servizio_completato;19/10/2025 16:33;19/10/2025 18:46;22/10/2025;17:30;1
413;REQ-2025-00413;CLI000117;SFR000113;OPE000088;servizio_completato;19/10/2025 17:44;19/10/2025 21:19;24/10/2025;10:00;1
414;REQ-2025-00414;CLI000141;SFR000018;OPE000012;servizio_completato;21/10/2025 10:29;21/10/2025 12:31;30/10/2025;12:30;1
415;REQ-2025-00415;CLI000222;SFR000059;OPE000047;servizio_completato;24/10/2025 22:54;25/10/2025 02:35;28/10/2025;15:00;1
416;REQ-2025-00416;CLI000106;SFR000101;OPE000078;servizio_completato;26/10/2025 09:55;26/10/2025 13:50;28/10/2025;10:00;1
417;REQ-2025-00417;CLI000023;SFR000067;OPE000055;servizio_completato;27/10/2025 11:05;27/10/2025 11:41;03/11/2025;15:00;1
418;REQ-2025-00418;CLI000049;SFR000057;OPE000045;servizio_completato;29/10/2025 00:46;29/10/2025 03:37;31/10/2025;11:30;1
419;REQ-2025-00419;CLI000014;SFR000022;OPE000016;servizio_completato;29/10/2025 15:36;29/10/2025 19:12;30/10/2025;13:00;1
420;REQ-2025-00420;CLI000204;SFR000063;OPE000049;servizio_completato;04/11/2025 10:55;04/11/2025 12:43;11/11/2025;10:30;1
421;REQ-2025-00421;CLI000235;SFR000060;OPE000047;servizio_completato;06/11/2025 01:42;06/11/2025 05:55;16/11/2025;16:00;1
422;REQ-2025-00422;CLI000046;SFR000129;OPE000098;servizio_completato;06/11/2025 17:20;06/11/2025 20:19;11/11/2025;13:30;1
423;REQ-2025-00423;CLI000071;SFR000016;OPE000011;servizio_completato;10/11/2025 14:09;10/11/2025 17:37;11/11/2025;14:00;1
424;REQ-2025-00424;CLI000189;SFR000015;OPE000007;servizio_completato;11/11/2025 00:50;11/11/2025 05:01;17/11/2025;17:30;1
425;REQ-2025-00425;CLI000249;SFR000021;OPE000016;servizio_completato;13/11/2025 01:42;13/11/2025 03:59;23/11/2025;13:30;1
426;REQ-2025-00426;CLI000230;SFR000060;OPE000046;servizio_completato;14/11/2025 16:05;14/11/2025 21:56;17/11/2025;14:30;1
427;REQ-2025-00427;CLI000166;SFR000018;OPE000011;servizio_completato;14/11/2025 23:48;15/11/2025 00:25;18/11/2025;14:00;1
428;REQ-2025-00428;CLI000131;SFR000055;OPE000045;servizio_completato;16/11/2025 03:06;16/11/2025 07:07;20/11/2025;14:30;1
429;REQ-2025-00429;CLI000065;SFR000008;OPE000006;servizio_completato;17/11/2025 16:28;17/11/2025 21:39;20/11/2025;12:30;1
430;REQ-2025-00430;CLI000225;SFR000117;OPE000094;servizio_completato;18/11/2025 12:19;18/11/2025 16:27;27/11/2025;15:00;1
431;REQ-2025-00431;CLI000072;SFR000087;OPE000071;servizio_completato;19/11/2025 18:31;19/11/2025 19:51;25/11/2025;16:30;1
432;REQ-2025-00432;CLI000032;SFR000003;OPE000002;servizio_completato;27/11/2025 05:09;27/11/2025 07:32;04/12/2025;11:30;1
433;REQ-2025-00433;CLI000155;SFR000063;OPE000049;servizio_completato;27/11/2025 08:54;27/11/2025 13:15;06/12/2025;11:00;1
434;REQ-2025-00434;CLI000168;SFR000110;OPE000087;servizio_completato;28/11/2025 06:06;28/11/2025 07:28;29/11/2025;09:30;1
435;REQ-2025-00435;CLI000142;SFR000115;OPE000089;servizio_completato;30/11/2025 19:59;30/11/2025 20:45;04/12/2025;12:30;1
436;REQ-2025-00436;CLI000192;SFR000013;OPE000007;servizio_completato;03/12/2025 03:28;03/12/2025 07:24;12/12/2025;12:30;1
437;REQ-2025-00437;CLI000092;SFR000048;OPE000037;servizio_completato;05/12/2025 20:50;05/12/2025 23:18;07/12/2025;11:30;1
438;REQ-2025-00438;CLI000209;SFR000013;OPE000007;servizio_completato;06/12/2025 07:30;06/12/2025 10:15;16/12/2025;11:30;1
439;REQ-2025-00439;CLI000096;SFR000095;OPE000076;servizio_completato;07/12/2025 08:16;07/12/2025 09:33;15/12/2025;13:00;1
440;REQ-2025-00440;CLI000093;SFR000016;OPE000011;servizio_completato;07/12/2025 13:08;07/12/2025 16:23;09/12/2025;14:00;1
441;REQ-2025-00441;CLI000245;SFR000023;OPE000016;servizio_completato;10/12/2025 02:07;10/12/2025 07:08;19/12/2025;17:30;1
442;REQ-2025-00442;CLI000046;SFR000108;OPE000087;servizio_completato;10/12/2025 14:14;10/12/2025 16:21;20/12/2025;16:00;1
443;REQ-2025-00443;CLI000037;SFR000012;OPE000008;servizio_completato;11/12/2025 02:25;11/12/2025 08:00;20/12/2025;08:00;1
444;REQ-2025-00444;CLI000043;SFR000019;OPE000011;servizio_completato;12/12/2025 06:19;12/12/2025 06:52;19/12/2025;13:30;1
445;REQ-2025-00445;CLI000091;SFR000060;OPE000046;servizio_completato;16/12/2025 01:20;16/12/2025 03:44;17/12/2025;11:30;1
446;REQ-2025-00446;CLI000237;SFR000051;OPE000041;servizio_completato;18/12/2025 04:40;18/12/2025 09:27;27/12/2025;14:00;1
447;REQ-2025-00447;CLI000017;SFR000077;OPE000063;servizio_completato;18/12/2025 15:43;18/12/2025 20:38;24/12/2025;17:30;1
448;REQ-2025-00448;CLI000242;SFR000042;OPE000032;servizio_completato;18/12/2025 18:37;19/12/2025 00:29;22/12/2025;10:30;1
449;REQ-2025-00449;CLI000027;SFR000044;OPE000032;servizio_completato;19/12/2025 16:01;19/12/2025 21:12;21/12/2025;08:00;1
450;REQ-2025-00450;CLI000165;SFR000113;OPE000091;servizio_completato;19/12/2025 19:08;19/12/2025 19:59;27/12/2025;17:00;1
451;REQ-2025-00451;CLI000140;SFR000021;OPE000014;servizio_completato;21/12/2025 10:14;21/12/2025 16:08;31/12/2025;17:00;1
452;REQ-2025-00452;CLI000042;SFR000108;OPE000087;servizio_completato;27/12/2025 02:09;27/12/2025 03:23;29/12/2025;12:30;1
453;REQ-2025-00453;CLI000209;SFR000053;OPE000045;servizio_completato;29/12/2025 02:19;29/12/2025 05:08;07/01/2026;16:30;1
454;REQ-2026-00454;CLI000158;SFR000051;OPE000040;servizio_completato;01/01/2026 00:44;01/01/2026 02:09;08/01/2026;10:30;1
455;REQ-2026-00455;CLI000240;SFR000102;OPE000078;servizio_completato;01/01/2026 09:44;01/01/2026 12:20;11/01/2026;09:30;1
456;REQ-2026-00456;CLI000146;SFR000036;OPE000028;servizio_completato;03/01/2026 13:37;03/01/2026 17:22;12/01/2026;12:30;1
457;REQ-2026-00457;CLI000056;SFR000077;OPE000063;servizio_completato;04/01/2026 17:42;04/01/2026 19:01;11/01/2026;13:30;1
458;REQ-2026-00458;CLI000189;SFR000022;OPE000014;servizio_completato;06/01/2026 11:37;06/01/2026 17:14;07/01/2026;11:30;1
459;REQ-2026-00459;CLI000160;SFR000112;OPE000089;servizio_completato;07/01/2026 05:42;07/01/2026 09:08;10/01/2026;12:00;1
460;REQ-2026-00460;CLI000076;SFR000089;OPE000069;servizio_completato;07/01/2026 09:08;07/01/2026 15:04;12/01/2026;16:30;1
461;REQ-2026-00461;CLI000108;SFR000048;OPE000036;servizio_completato;08/01/2026 05:25;08/01/2026 08:47;13/01/2026;12:30;1
462;REQ-2026-00462;CLI000027;SFR000053;OPE000045;servizio_completato;09/01/2026 20:20;09/01/2026 21:07;18/01/2026;17:00;1
463;REQ-2026-00463;CLI000102;SFR000001;OPE000002;servizio_completato;10/01/2026 23:05;11/01/2026 02:54;18/01/2026;16:00;1
464;REQ-2026-00464;CLI000003;SFR000067;OPE000052;servizio_completato;11/01/2026 14:46;11/01/2026 19:49;15/01/2026;13:00;1
465;REQ-2026-00465;CLI000073;SFR000056;OPE000045;servizio_completato;11/01/2026 16:46;11/01/2026 19:29;18/01/2026;11:30;1
466;REQ-2026-00466;CLI000242;SFR000020;OPE000014;servizio_completato;12/01/2026 03:02;12/01/2026 06:57;20/01/2026;09:00;1
467;REQ-2026-00467;CLI000118;SFR000101;OPE000079;servizio_completato;13/01/2026 13:55;13/01/2026 19:19;15/01/2026;10:30;1
468;REQ-2026-00468;CLI000126;SFR000092;OPE000074;servizio_completato;21/01/2026 02:05;21/01/2026 07:38;26/01/2026;13:00;1
469;REQ-2026-00469;CLI000010;SFR000021;OPE000016;servizio_completato;22/01/2026 23:21;23/01/2026 05:02;27/01/2026;10:30;1
470;REQ-2026-00470;CLI000174;SFR000110;OPE000086;servizio_completato;24/01/2026 07:54;24/01/2026 08:43;27/01/2026;12:30;1
471;REQ-2026-00471;CLI000191;SFR000101;OPE000079;servizio_completato;25/01/2026 22:59;25/01/2026 23:52;29/01/2026;14:00;1
472;REQ-2026-00472;CLI000003;SFR000003;OPE000003;servizio_completato;27/01/2026 20:31;28/01/2026 01:43;04/02/2026;08:00;1
473;REQ-2026-00473;CLI000078;SFR000041;OPE000032;servizio_completato;28/01/2026 10:30;28/01/2026 15:08;29/01/2026;14:30;1
474;REQ-2026-00474;CLI000211;SFR000120;OPE000093;servizio_completato;29/01/2026 01:06;29/01/2026 05:31;01/02/2026;13:00;1
475;REQ-2026-00475;CLI000041;SFR000016;OPE000012;servizio_completato;30/01/2026 12:45;30/01/2026 16:57;06/02/2026;14:30;1
476;REQ-2026-00476;CLI000039;SFR000036;OPE000029;servizio_completato;02/02/2026 01:16;02/02/2026 02:23;10/02/2026;10:30;1
477;REQ-2026-00477;CLI000197;SFR000127;OPE000098;servizio_completato;02/02/2026 16:53;02/02/2026 19:19;05/02/2026;12:30;1
478;REQ-2026-00478;CLI000134;SFR000016;OPE000011;servizio_completato;02/02/2026 20:51;03/02/2026 00:50;09/02/2026;13:00;1
479;REQ-2026-00479;CLI000098;SFR000008;OPE000006;servizio_completato;08/02/2026 22:04;09/02/2026 03:02;15/02/2026;14:30;1
480;REQ-2026-00480;CLI000146;SFR000059;OPE000048;servizio_completato;10/02/2026 03:36;10/02/2026 05:31;16/02/2026;10:30;1
481;REQ-2026-00481;CLI000219;SFR000049;OPE000040;servizio_completato;10/02/2026 15:20;10/02/2026 21:00;16/02/2026;11:00;1
482;REQ-2026-00482;CLI000044;SFR000104;OPE000082;servizio_completato;12/02/2026 02:22;12/02/2026 06:48;17/02/2026;15:30;1
483;REQ-2026-00483;CLI000082;SFR000126;OPE000098;servizio_completato;13/02/2026 04:47;13/02/2026 08:49;21/02/2026;15:00;1
484;REQ-2026-00484;CLI000140;SFR000052;OPE000040;servizio_completato;13/02/2026 19:06;13/02/2026 20:22;20/02/2026;16:30;1
485;REQ-2026-00485;CLI000096;SFR000025;OPE000019;servizio_completato;16/02/2026 10:43;16/02/2026 15:20;18/02/2026;12:30;1
486;REQ-2026-00486;CLI000118;SFR000070;OPE000058;servizio_completato;17/02/2026 08:27;17/02/2026 09:39;26/02/2026;16:00;1
487;REQ-2026-00487;CLI000217;SFR000121;OPE000096;servizio_completato;19/02/2026 15:19;19/02/2026 16:49;24/02/2026;13:00;1
488;REQ-2026-00488;CLI000051;SFR000112;OPE000091;servizio_completato;19/02/2026 17:17;19/02/2026 22:44;22/02/2026;10:30;1
489;REQ-2026-00489;CLI000048;SFR000094;OPE000075;servizio_completato;20/02/2026 03:37;20/02/2026 08:27;22/02/2026;10:00;1
490;REQ-2026-00490;CLI000040;SFR000044;OPE000032;servizio_completato;24/02/2026 20:44;24/02/2026 21:49;28/02/2026;13:30;1
491;REQ-2026-00491;CLI000148;SFR000091;OPE000073;servizio_completato;27/02/2026 02:04;27/02/2026 07:22;04/03/2026;15:00;1
492;REQ-2026-00492;CLI000144;SFR000126;OPE000098;servizio_completato;04/03/2026 07:23;04/03/2026 11:41;10/03/2026;14:30;1
493;REQ-2026-00493;CLI000225;SFR000113;OPE000088;servizio_completato;10/03/2026 02:46;10/03/2026 04:25;17/03/2026;08:30;1
494;REQ-2026-00494;CLI000020;SFR000026;OPE000019;servizio_completato;11/03/2026 10:38;11/03/2026 15:27;18/03/2026;10:00;1
495;REQ-2026-00495;CLI000148;SFR000129;OPE000100;servizio_completato;18/03/2026 16:02;18/03/2026 18:12;24/03/2026;14:00;1
496;REQ-2026-00496;CLI000096;SFR000074;OPE000062;servizio_completato;20/03/2026 12:34;20/03/2026 13:53;28/03/2026;15:30;1
497;REQ-2026-00497;CLI000127;SFR000048;OPE000036;servizio_completato;21/03/2026 01:06;21/03/2026 02:07;29/03/2026;14:30;1
498;REQ-2026-00498;CLI000110;SFR000015;OPE000008;servizio_completato;24/03/2026 22:44;25/03/2026 02:07;29/03/2026;13:00;1
499;REQ-2026-00499;CLI000246;SFR000075;OPE000060;servizio_completato;25/03/2026 12:00;25/03/2026 16:48;02/04/2026;12:00;1
500;REQ-2026-00500;CLI000099;SFR000112;OPE000088;servizio_completato;31/03/2026 11:43;31/03/2026 17:01;02/04/2026;08:00;1
501;REQ-2026-00501;CLI000020;SFR000099;OPE000078;richiesta_registrata;01/04/2026 17:04;01/04/2026 22:56;08/04/2026;14:00;1
502;REQ-2026-00502;CLI000183;SFR000022;OPE000016;richiesta_registrata;01/04/2026 22:32;02/04/2026 00:29;13/04/2026;13:30;1
503;REQ-2026-00503;CLI000239;SFR000089;OPE000071;richiesta_registrata;02/04/2026 01:58;02/04/2026 03:40;06/04/2026;08:00;1
504;REQ-2026-00504;CLI000034;SFR000078;OPE000063;richiesta_registrata;02/04/2026 05:45;02/04/2026 09:30;07/04/2026;08:00;1
505;REQ-2026-00505;CLI000186;SFR000058;OPE000046;richiesta_scaduta;02/04/2026 15:21;;;;0
507;REQ-2026-00507;CLI000150;SFR000090;OPE000072;richiesta_registrata;04/04/2026 11:29;04/04/2026 12:45;24/04/2026;17:30;1
508;REQ-2026-00508;CLI000072;SFR000089;OPE000071;richiesta_registrata;04/04/2026 13:24;04/04/2026 18:30;20/04/2026;10:30;1
509;REQ-2026-00509;CLI000240;SFR000108;OPE000086;richiesta_registrata;04/04/2026 20:55;05/04/2026 00:40;09/04/2026;14:30;1
513;REQ-2026-00513;CLI000136;SFR000054;OPE000044;richiesta_scaduta;08/04/2026 01:08;;;;0
514;REQ-2026-00514;CLI000017;SFR000013;OPE000007;richiesta_registrata;09/04/2026 11:56;09/04/2026 14:34;27/04/2026;09:00;1
515;REQ-2026-00515;CLI000062;SFR000053;OPE000044;richiesta_scaduta;09/04/2026 22:14;;;;0
516;REQ-2026-00516;CLI000247;SFR000062;OPE000050;richiesta_registrata;11/04/2026 01:40;11/04/2026 07:01;26/04/2026;10:30;1
517;REQ-2026-00517;CLI000242;SFR000007;OPE000006;richiesta_scaduta;11/04/2026 07:44;;;;0
518;REQ-2026-00518;CLI000096;SFR000118;OPE000094;richiesta_scaduta;12/04/2026 04:54;;;;0
519;REQ-2026-00519;CLI000107;SFR000116;OPE000090;richiesta_registrata;14/04/2026 05:47;14/04/2026 11:41;19/04/2026;12:30;1
520;REQ-2026-00520;CLI000061;SFR000028;OPE000019;richiesta_scaduta;16/04/2026 15:03;;;;0
523;REQ-2026-00523;CLI000021;SFR000078;OPE000063;richiesta_registrata;18/04/2026 20:26;19/04/2026 00:28;07/05/2026;16:30;1
524;REQ-2026-00524;CLI000230;SFR000020;OPE000015;richiesta_scaduta;19/04/2026 05:00;;;;0
525;REQ-2026-00525;CLI000197;SFR000042;OPE000032;richiesta_registrata;20/04/2026 01:43;20/04/2026 02:51;21/04/2026;16:00;1
526;REQ-2026-00526;CLI000202;SFR000043;OPE000033;richiesta_registrata;20/04/2026 09:48;20/04/2026 12:44;29/04/2026;10:00;1
527;REQ-2026-00527;CLI000223;SFR000086;OPE000071;richiesta_registrata;20/04/2026 23:02;21/04/2026 03:14;24/04/2026;10:00;1
528;REQ-2026-00528;CLI000192;SFR000098;OPE000076;richiesta_registrata;21/04/2026 08:39;21/04/2026 12:05;26/04/2026;10:30;1
529;REQ-2026-00529;CLI000222;SFR000067;OPE000053;richiesta_registrata;21/04/2026 22:21;22/04/2026 01:44;26/04/2026;14:00;1
530;REQ-2026-00530;CLI000167;SFR000117;OPE000094;richiesta_registrata;22/04/2026 05:00;22/04/2026 09:33;10/05/2026;08:00;1
531;REQ-2026-00531;CLI000092;SFR000001;OPE000002;richiesta_scaduta;22/04/2026 12:42;;;;0
532;REQ-2026-00532;CLI000190;SFR000100;OPE000080;richiesta_scaduta;22/04/2026 21:33;;;;0
533;REQ-2026-00533;CLI000034;SFR000033;OPE000025;richiesta_registrata;25/04/2026 12:55;25/04/2026 18:15;27/04/2026;16:30;1
534;REQ-2026-00534;CLI000105;SFR000061;OPE000050;richiesta_registrata;26/04/2026 02:41;26/04/2026 08:33;09/05/2026;14:30;1
535;REQ-2026-00535;CLI000040;SFR000127;OPE000100;richiesta_scaduta;28/04/2026 05:52;;;;0
536;REQ-2026-00536;CLI000021;SFR000098;OPE000075;richiesta_scaduta;28/04/2026 16:25;;;;0
537;REQ-2026-00537;CLI000184;SFR000121;OPE000096;richiesta_registrata;29/04/2026 03:22;29/04/2026 09:02;02/05/2026;12:30;1
538;REQ-2026-00538;CLI000140;SFR000089;OPE000070;richiesta_scaduta;29/04/2026 08:22;;;;0
539;REQ-2026-00539;CLI000201;SFR000035;OPE000027;richiesta_registrata;29/04/2026 15:43;29/04/2026 16:29;11/05/2026;15:00;1
540;REQ-2026-00540;CLI000125;SFR000042;OPE000032;richiesta_registrata;29/04/2026 17:46;29/04/2026 19:07;05/05/2026;08:30;1
541;REQ-2026-00541;CLI000211;SFR000073;OPE000061;richiesta_registrata;30/04/2026 05:44;30/04/2026 06:51;11/05/2026;16:00;1
542;REQ-2026-00542;CLI000017;SFR000089;OPE000069;richiesta_registrata;01/05/2026 08:32;01/05/2026 11:10;08/05/2026;17:30;1
543;REQ-2026-00543;CLI000121;SFR000073;OPE000061;richiesta_registrata;01/05/2026 20:29;02/05/2026 02:14;12/05/2026;17:00;1
544;REQ-2026-00544;CLI000025;SFR000077;OPE000063;richiesta_scaduta;02/05/2026 02:22;;;;0
545;REQ-2026-00545;CLI000089;SFR000039;OPE000030;richiesta_scaduta;02/05/2026 03:07;;;;0
546;REQ-2026-00546;CLI000234;SFR000075;OPE000062;richiesta_registrata;02/05/2026 05:57;02/05/2026 10:01;22/05/2026;11:30;1
547;REQ-2026-00547;CLI000097;SFR000051;OPE000041;richiesta_scaduta;03/05/2026 05:20;;;;0
548;REQ-2026-00548;CLI000140;SFR000078;OPE000063;richiesta_registrata;03/05/2026 20:17;04/05/2026 00:28;12/05/2026;15:30;1
550;REQ-2026-00550;CLI000010;SFR000097;OPE000077;richiesta_registrata;05/05/2026 19:35;05/05/2026 21:11;21/05/2026;15:00;1
551;REQ-2026-00551;CLI000083;SFR000120;OPE000093;richiesta_registrata;05/05/2026 19:55;06/05/2026 01:07;10/05/2026;10:00;1
552;REQ-2026-00552;CLI000181;SFR000022;OPE000016;richiesta_registrata;05/05/2026 21:39;06/05/2026 00:58;22/05/2026;15:30;1
553;REQ-2026-00553;CLI000181;SFR000123;OPE000096;richiesta_registrata;05/05/2026 23:21;06/05/2026 03:29;10/05/2026;09:00;1
554;REQ-2026-00554;CLI000156;SFR000117;OPE000094;richiesta_registrata;06/05/2026 16:53;06/05/2026 22:31;13/05/2026;11:30;1
556;REQ-2026-00556;CLI000216;SFR000059;OPE000048;richiesta_registrata;08/05/2026 00:45;08/05/2026 01:30;24/05/2026;10:00;1
557;REQ-2026-00557;CLI000220;SFR000024;OPE000016;richiesta_registrata;08/05/2026 08:49;08/05/2026 14:32;10/05/2026;08:00;1
559;REQ-2026-00559;CLI000158;SFR000103;OPE000083;richiesta_scaduta;08/05/2026 14:43;;;;0
560;REQ-2026-00560;CLI000234;SFR000037;OPE000030;richiesta_registrata;09/05/2026 02:35;09/05/2026 04:13;24/05/2026;16:00;1
561;REQ-2026-00561;CLI000133;SFR000055;OPE000044;richiesta_registrata;09/05/2026 12:34;09/05/2026 15:06;29/05/2026;10:00;1
562;REQ-2026-00562;CLI000079;SFR000052;OPE000041;richiesta_registrata;09/05/2026 15:06;09/05/2026 16:44;14/05/2026;14:30;1
564;REQ-2026-00564;CLI000064;SFR000122;OPE000095;richiesta_scaduta;10/05/2026 03:42;;;;0
565;REQ-2026-00565;CLI000014;SFR000064;OPE000052;richiesta_registrata;10/05/2026 22:21;11/05/2026 01:04;22/05/2026;08:00;1
566;REQ-2026-00566;CLI000232;SFR000100;OPE000078;richiesta_registrata;11/05/2026 22:43;12/05/2026 00:10;17/05/2026;08:00;1
567;REQ-2026-00567;CLI000003;SFR000025;OPE000018;richiesta_registrata;12/05/2026 14:01;12/05/2026 16:37;20/05/2026;14:30;1
568;REQ-2026-00568;CLI000049;SFR000024;OPE000016;richiesta_in_bozza;25/05/2026 07:46;;;;0
569;REQ-2026-00569;CLI000225;SFR000015;OPE000008;richiesta_registrata;14/05/2026 12:08;14/05/2026 16:26;25/05/2026;09:30;1
570;REQ-2026-00570;CLI000180;SFR000026;OPE000017;richiesta_registrata;14/05/2026 13:48;14/05/2026 15:53;20/05/2026;16:00;1
571;REQ-2026-00571;CLI000148;SFR000049;OPE000042;richiesta_scaduta;15/05/2026 02:58;;;;0
572;REQ-2026-00572;CLI000211;SFR000063;OPE000051;richiesta_scaduta;15/05/2026 13:46;;;;0
573;REQ-2026-00573;CLI000088;SFR000108;OPE000084;richiesta_in_bozza;25/05/2026 14:04;;;;0
574;REQ-2026-00574;CLI000244;SFR000105;OPE000081;richiesta_registrata;16/05/2026 06:37;16/05/2026 07:27;21/05/2026;13:00;1
575;REQ-2026-00575;CLI000150;SFR000089;OPE000071;richiesta_registrata;17/05/2026 15:20;17/05/2026 19:23;31/05/2026;12:30;1
576;REQ-2026-00576;CLI000012;SFR000052;OPE000040;richiesta_registrata;17/05/2026 22:38;18/05/2026 03:17;26/05/2026;09:30;1
577;REQ-2026-00577;CLI000215;SFR000021;OPE000016;richiesta_registrata;18/05/2026 19:25;18/05/2026 23:24;22/05/2026;12:00;1
578;REQ-2026-00578;CLI000139;SFR000001;OPE000003;richiesta_registrata;19/05/2026 10:21;19/05/2026 11:15;31/05/2026;14:30;1
579;REQ-2026-00579;CLI000122;SFR000123;OPE000096;richiesta_scaduta;20/05/2026 02:03;;;;0
580;REQ-2026-00580;CLI000053;SFR000080;OPE000064;richiesta_registrata;20/05/2026 08:30;20/05/2026 11:54;31/05/2026;08:00;1
581;REQ-2026-00581;CLI000238;SFR000114;OPE000089;richiesta_registrata;20/05/2026 08:30;20/05/2026 13:56;26/05/2026;10:00;1
582;REQ-2026-00582;CLI000188;SFR000012;OPE000009;richiesta_registrata;20/05/2026 16:21;20/05/2026 17:42;29/05/2026;11:30;1
583;REQ-2026-00583;CLI000200;SFR000117;OPE000093;richiesta_registrata;21/05/2026 04:23;21/05/2026 09:16;31/05/2026;15:30;1
584;REQ-2026-00584;CLI000166;SFR000001;OPE000003;richiesta_registrata;22/05/2026 22:15;23/05/2026 04:01;26/05/2026;17:00;1
585;REQ-2026-00585;CLI000073;SFR000101;OPE000078;richiesta_in_bozza;25/05/2026 10:50;;;;0
586;REQ-2026-00586;CLI000079;SFR000012;OPE000007;richiesta_registrata;24/05/2026 03:49;24/05/2026 07:15;31/05/2026;14:00;1
587;REQ-2026-00587;CLI000081;SFR000120;OPE000094;richiesta_scaduta;24/05/2026 04:28;;;;0
588;REQ-2026-00588;CLI000075;SFR000010;OPE000006;richiesta_registrata;24/05/2026 08:48;24/05/2026 09:52;31/05/2026;09:00;1
589;REQ-2026-00589;CLI000056;SFR000089;OPE000069;richiesta_scaduta;24/05/2026 17:56;;;;0
590;REQ-2026-00590;CLI000034;SFR000037;OPE000029;richiesta_registrata;25/05/2026 00:58;25/05/2026 06:27;31/05/2026;08:30;1
591;REQ-2026-00591;CLI000094;SFR000077;OPE000064;richiesta_scaduta;25/05/2026 21:49;;;;0
592;REQ-2026-00592;CLI000226;SFR000093;OPE000072;richiesta_in_bozza;25/05/2026 22:26;;;;0
593;REQ-2026-00593;CLI000102;SFR000082;OPE000068;richiesta_in_bozza;26/05/2026 14:31;;;;0
594;REQ-2026-00594;CLI000246;SFR000065;OPE000054;richiesta_registrata;27/05/2026 08:53;27/05/2026 12:25;31/05/2026;11:00;1
595;REQ-2026-00595;CLI000105;SFR000077;OPE000063;richiesta_scaduta;27/05/2026 11:54;;;;0
596;REQ-2026-00596;CLI000200;SFR000016;OPE000013;richiesta_registrata;28/05/2026 04:01;28/05/2026 08:25;31/05/2026;16:00;1
597;REQ-2026-00597;CLI000186;SFR000062;OPE000051;richiesta_registrata;29/05/2026 05:59;29/05/2026 09:35;31/05/2026;09:00;1
598;REQ-2026-00598;CLI000174;SFR000115;OPE000089;richiesta_registrata;30/05/2026 19:38;31/05/2026 00:55;31/05/2026;11:30;1
599;REQ-2026-00599;CLI000225;SFR000035;OPE000024;richiesta_registrata;31/05/2026 08:54;31/05/2026 12:34;31/05/2026;10:00;1
600;REQ-2026-00600;CLI000216;SFR000079;OPE000065;richiesta_scaduta;31/05/2026 17:12;;;;0
